layout_id,strategy,cases,median_delta_peak_pct,mean_delta_peak_pct,p10_delta_peak_pct,p90_delta_peak_pct,share_lower_peak,median_delta_cv_pct,median_delta_intercept_pctpt,matrix
deform_1387,staggered_levels:9:0.380:1,27,-0.6561149046786374,-2.9780597892218315,-16.474150863816337,10.005178670333274,0.7037037037037037,0.0214896763286806,-0.0433333333333285,V8
deform_0893,staggered_levels:9:0.380:2,27,-0.3637140512742586,-2.7797164772878897,-16.481308205021925,10.864718171352813,0.5555555555555556,-0.6898704915584091,-0.1166666666666649,V8
deform_1822,staggered_levels:9:0.380:0,27,-8.621794883155614,-2.3212076086662186,-9.918966306621256,9.229074946948746,0.7407407407407407,0.2759964344406929,0.1366666666666627,V8
deform_1822,staggered_levels:9:0.380:1,27,-0.5905146313487442,-2.3198815535227175,-16.050659238132763,10.838455456493197,0.5925925925925926,-0.964936188095306,0.1883333333333348,V8
deform_0893,staggered_levels:9:0.380:3,27,-0.1766848888442896,-2.003570282599295,-16.925183285222403,11.237099951406982,0.5555555555555556,-0.7175385322862665,-0.1299999999999967,V8
deform_0893,staggered_levels:9:0.380:0,27,-0.7174483626072176,-1.9589945245862308,-17.373043382309763,10.816024187193095,0.5925925925925926,-0.0255312448550966,-0.1916666666666677,V8
deform_1822,staggered_levels:9:0.380:6,27,-0.0235353140378162,-1.9545652042800936,-18.340344864735904,10.588791305937438,0.5185185185185185,-1.6734473184251333,0.1083333333333436,V8
deform_1822,staggered_levels:9:0.380:7,27,-8.056536413736614,-1.635789763928128,-9.95731354677927,13.766517301996409,0.6296296296296297,-0.7115080177424203,0.0583333333333269,V8
deform_0893,visible_equator,27,0.2871646856743002,-1.5866048508675483,-15.495595163793483,9.99094155165708,0.4074074074074074,-0.673853170892395,-0.1983333333333337,V8
deform_1822,staggered_levels:9:0.380:4,27,-0.3036924766582434,-1.410607658109673,-10.08740718111784,10.867393491119094,0.7037037037037037,-0.1600641740844968,0.1099999999999989,V8
deform_0893,staggered_levels:9:0.380:1,27,-0.3425253351162404,-1.2238860494234,-17.17481754257728,15.41121240747837,0.5925925925925926,-0.3206997070640475,-0.2533333333333387,V8
deform_0276,staggered_levels:9:0.380:0,27,-0.4011775990212885,-0.817246252750809,-13.93619206987468,9.862521581682698,0.6666666666666666,0.64967317917498,1.3566666666666616,V8
deform_1387,staggered_levels:9:0.380:6,27,-0.3089636875567295,-0.5395632050053983,-10.188123322564806,13.272573137877457,0.6666666666666666,-0.0140097589876858,0.0600000000000044,V8
deform_0276,staggered_levels:9:0.380:4,27,-0.5124596840222801,-0.0558317139142615,-10.098833345635056,10.364230874151392,0.6296296296296297,0.7385325225887489,1.2816666666666698,V8
deform_0893,staggered_levels:9:0.380:6,27,-0.7348976609455563,0.459354712228451,-10.461304563194282,21.103146367075624,0.5925925925925926,-0.418768018134007,0.0349999999999961,V8
deform_0893,staggered_levels:9:0.380:8,27,0.0776762166263075,0.7648481340231059,-12.764034258486408,11.303838334879677,0.4814814814814814,0.1545731962324656,-0.1049999999999995,V8
deform_0276,staggered_levels:9:0.380:2,27,-0.2532547444109577,0.7792635829653213,-12.33307772941292,10.953230576187757,0.6666666666666666,0.7751166787405129,1.419999999999999,V8
deform_1387,staggered_levels:9:0.380:7,27,-0.245923147983527,0.998844900318333,-9.652570479154342,10.26903964315652,0.5555555555555556,-0.0943098839411804,-0.0433333333333285,V8
deform_1822,visible_equator,27,0.1534620943371319,1.0193273441817354,-13.58086831754704,16.933059640934736,0.4814814814814814,-0.2987202741098827,0.1316666666666632,V8
deform_1822,staggered_levels:9:0.380:5,27,0.1252759788967312,1.4346089403735849,-10.153373116972311,10.764671769505734,0.3703703703703703,-0.4983744229502771,0.1416666666666621,V8
deform_0276,staggered_levels:9:0.380:8,27,-0.3182408240920725,1.6520277164638235,-9.501670191110236,11.430667172931049,0.5925925925925926,1.1351040423204954,1.313333333333333,V8
deform_1387,staggered_levels:9:0.380:2,27,0.30849047622587,1.726753375328087,-16.709817863385968,11.41467165054466,0.3703703703703703,-0.0945026794220475,0.0533333333333385,V8
deform_1387,staggered_levels:9:0.380:0,27,0.4878336899682836,1.767828804938108,-10.115910724797764,11.012913830114249,0.4444444444444444,-0.235939852038088,-0.2550000000000052,V8
deform_0276,staggered_levels:9:0.380:6,27,-0.2982956332848429,1.9310045280655543,-10.091897828341146,19.991113610219436,0.5925925925925926,0.4702697423317964,1.3116666666666663,V8
deform_0893,staggered_levels:9:0.380:7,27,0.7959216648243321,2.0171954455124035,-13.077984896851122,14.51633675029557,0.4074074074074074,-0.209396383434901,-0.0933333333333341,V8
deform_1387,visible_equator,27,-0.0327630045229696,2.0186554143921365,-11.706701793847325,18.383144928485088,0.5185185185185185,0.6780477584754623,-0.0466666666666615,V8
deform_1822,staggered_levels:9:0.380:8,27,0.4284230953478524,2.09236637517635,-17.194743576144596,20.36408942259519,0.4074074074074074,-0.0168980402152142,0.0850000000000017,V8
deform_0276,visible_equator,27,-0.9500490147093228,2.0955376200784306,-15.560947262743507,17.489321958043565,0.5555555555555556,1.2116746889278474,1.3983333333333348,V8
deform_1387,staggered_levels:9:0.380:3,27,0.5630956267587125,2.1774548106239715,-11.712929260578557,11.427110776643213,0.4814814814814814,-0.2089529926306098,0.0150000000000094,V8
deform_0276,staggered_levels:9:0.380:3,27,-0.5802816832863775,2.235542141212152,-9.82945247351487,19.241329489484247,0.6296296296296297,0.7834547934169551,1.365000000000005,V8
deform_1822,staggered_levels:9:0.380:3,27,0.0946081809308417,2.4801173530808276,-9.192348770598649,22.267351268111103,0.4444444444444444,-0.9363907037763668,0.2566666666666717,V8
deform_1387,staggered_levels:9:0.380:8,27,0.26651032614897,2.6425662708627766,-9.131715793851,20.506838982664288,0.3333333333333333,0.1879409742216541,-0.2366666666666628,V8
deform_0893,five_point,27,0.4576308558472906,2.7220982003166685,-9.54480269603092,11.534261974387215,0.3703703703703703,-0.0873697710131125,-0.0983333333333336,V8
deform_0893,staggered_levels:9:0.380:5,27,0.4166137206476784,2.7371460194667816,-9.808091820732958,18.85678963880231,0.3703703703703703,-1.0914383521744373,-0.0799999999999911,V8
deform_1387,five_point,27,0.4189338848034469,2.828881031848968,-9.997244821915734,11.376746138635532,0.4074074074074074,0.4199757214353348,-0.1983333333333337,V8
deform_1822,staggered_levels:9:0.380:2,27,0.8369002366542974,2.9369833047719016,-16.51561052957317,11.132360238603312,0.3703703703703703,-0.01004946225136,0.2233333333333309,V8
deform_0893,staggered_levels:9:0.380:4,27,0.2917860129982098,3.065260403078037,-9.769848094253833,19.926937486215856,0.4074074074074074,0.3688410853315624,-0.1249999999999973,V8
deform_0276,staggered_levels:9:0.380:5,27,0.2677448689129587,3.1157250294520336,-10.240933136814968,10.843730148258349,0.4444444444444444,0.8572838783110616,1.303333333333334,V8
deform_0276,staggered_levels:9:0.380:7,27,-0.3021058886481264,3.2039295996551207,-9.842473115351618,21.413951723685493,0.5185185185185185,0.7814055982185418,1.2499999999999956,V8
deform_1387,staggered_levels:9:0.380:4,27,0.1422420328940106,3.304930449060326,-9.352573812245437,14.788950941730413,0.4444444444444444,0.0801174802802867,-0.0266666666666637,V8
deform_1387,staggered_levels:9:0.380:5,27,0.0433140724037584,3.484986216071651,-10.14253303376248,19.63767460683676,0.4814814814814814,0.0369442817713614,-0.0283333333333302,V8
deform_0276,staggered_levels:9:0.380:1,27,-0.1260482532245295,3.696729298172099,-9.20266791150678,19.993569319234755,0.5185185185185185,0.3981927635910197,1.4149999999999996,V8
deform_1822,five_point,27,0.918765314368219,4.587518705426834,-12.72967148707139,21.218766796857793,0.1851851851851851,0.211963003369737,0.2299999999999968,V8
deform_0276,five_point,27,0.3946699092537042,5.976496794086911,-8.570046818112347,21.491973613911533,0.4444444444444444,1.335431894800704,1.3249999999999984,V8
deform_1387,five_point,27,-5.652895205922393,-3.414244651915336,-14.052004002868491,6.7303717456752405,0.5555555555555556,0.181282049859943,0.0238888888888899,V9
deform_0893,staggered_levels:9:0.380:1,27,-6.736606709345681,-3.0409839147296056,-13.170989367156803,8.049529714794149,0.5555555555555556,-0.3862958492246225,-0.2316666666666633,V9
deform_1822,five_point,27,-0.2767292801776886,-2.373042578075766,-13.848408719584484,10.860353160893297,0.5555555555555556,-0.0809087898542479,0.0033333333333329,V9
deform_0893,staggered_levels:9:0.380:2,27,-0.2205793526962815,-2.0357310757967046,-12.612232843952798,8.09711707842644,0.5555555555555556,-0.1044048438049816,-0.1816666666666688,V9
deform_1822,staggered_levels:9:0.380:2,27,-0.1400264952368472,-1.0170179891669118,-12.905413423752275,10.85065317758434,0.5555555555555556,-0.0761831047547678,-0.0633333333333263,V9
deform_0893,five_point,27,0.0431325099592701,-0.6345926328905486,-12.185299921740263,8.127484304396047,0.4074074074074074,-0.3434729592123817,-0.1488888888888873,V9
deform_1822,visible_equator,27,-0.0791814094534755,-0.579048241548476,-10.7235534889422,8.732484901558038,0.5185185185185185,-0.2768899533257025,-0.0372222222222218,V9
deform_1387,staggered_levels:9:0.380:0,27,-0.0930055397009528,-0.5659008480081027,-9.737763294206797,10.50954008404531,0.5555555555555556,0.4315875596948,-0.1266666666666638,V9
deform_1822,staggered_levels:9:0.380:1,27,0.0014303938348082,-0.5589164452131687,-7.344567228561618,7.634602367909216,0.4814814814814814,-0.0352711786548424,-0.0922222222222268,V9
deform_0276,staggered_levels:9:0.380:1,27,-0.6727101100838383,-0.3984350745631397,-9.52240821744471,7.3527917341594415,0.6666666666666666,0.9097155306920204,1.1694444444444452,V9
deform_0893,visible_equator,27,0.0316985809709018,-0.2982166390555844,-11.23085314367478,6.836601570657885,0.4814814814814814,-0.2156414745813815,-0.1544444444444459,V9
deform_1387,staggered_levels:9:0.380:1,27,0.0668415237986831,0.1029397397194504,-13.136620231498636,9.45247170299687,0.4814814814814814,-0.3984388217655252,0.0022222222222256,V9
deform_0276,visible_equator,27,-0.8828965461055457,0.3777000656476832,-9.22102253895089,8.525784642522275,0.5555555555555556,1.2296461553647864,1.247777777777781,V9
deform_0893,staggered_levels:9:0.380:0,27,0.1897789899742192,0.6711985397701299,-9.885272312912996,10.390648890233765,0.3703703703703703,-0.3039584776383048,-0.1816666666666577,V9
deform_1387,visible_equator,27,0.0891251836091326,0.7646013473905396,-11.450876885791702,9.27461238758702,0.4814814814814814,0.3907704371234241,0.031111111111115,V9
deform_1822,staggered_levels:9:0.380:0,27,0.2610422840113935,0.9740558320086176,-7.0020221779870315,7.831365982625706,0.3703703703703703,0.297442018513086,-0.0477777777777799,V9
deform_0276,five_point,27,-0.2024476997307335,1.602369271570416,-7.917906428151739,10.57099466184082,0.5555555555555556,1.3743547157777032,1.1772222222222184,V9
deform_0276,staggered_levels:9:0.380:0,27,6.364424574858582,1.7843414856605893,-13.405500549319882,7.258309462830937,0.4444444444444444,1.001892606441189,1.1222222222222245,V9
deform_1387,staggered_levels:9:0.380:2,27,0.2004871179023064,2.282358475736094,-7.1953442405073345,11.26949769990526,0.4814814814814814,0.2887274199256905,0.0544444444444458,V9
deform_0276,staggered_levels:9:0.380:2,27,-0.495292711558676,3.9515954041230223,-7.766542895624442,17.609897567546508,0.5925925925925926,1.3994698419614688,1.2016666666666675,V9
deform_1387,staggered_levels:9:0.380:1,27,-0.4015038463040487,-2.6933967591929275,-15.530900498667132,7.2122556094699055,0.6296296296296297,0.0138846719859205,-0.0061111111111067,V10
deform_1822,staggered_levels:9:0.380:0,27,-0.5612687499998843,-2.476488947081819,-13.312301950490363,7.740678241056411,0.6666666666666666,-0.0152272598112303,-0.0933333333333341,V10
deform_0893,five_point,27,-6.424366393954088,-2.33069943527397,-13.525310021381085,15.60399216460566,0.5925925925925926,-0.829712081700975,-0.2633333333333376,V10
deform_1822,five_point,27,-0.1401009570822452,-2.32135676699748,-15.943169128906066,7.557849576828104,0.5555555555555556,0.1960417575065579,-0.1099999999999989,V10
deform_1822,staggered_levels:9:0.380:1,27,-0.1646626560649142,-2.172642219447108,-14.394225265296258,10.643845454469634,0.6296296296296297,-0.0312329305004193,-0.1222222222222235,V10
deform_1387,staggered_levels:9:0.380:2,27,-0.2565742622698566,-1.2088607224891017,-9.65935241925009,10.450806012804286,0.5925925925925926,0.1701082462988503,0.0438888888888877,V10
deform_1387,visible_equator,27,-0.4528642131982839,-1.1280967958990569,-11.833586914911043,6.501267855295466,0.6296296296296297,-0.1843492861238465,-0.0422222222222212,V10
deform_1822,staggered_levels:9:0.380:2,27,-0.1290624247364825,-0.6971164960854368,-9.656471822608887,14.298163253409822,0.5555555555555556,-0.1618240645827248,-0.1194444444444498,V10
deform_1387,five_point,27,0.0468562860294058,-0.6516753303665465,-15.514972007669046,10.844727695761645,0.4814814814814814,0.2052246368824146,0.0361111111111145,V10
deform_1822,visible_equator,27,-0.1133684349172791,-0.4912691602040377,-11.041178324488722,6.957815312585647,0.5185185185185185,-0.0079950085149213,-0.0266666666666637,V10
deform_0276,five_point,27,-0.1135362617201874,-0.3057752022829927,-12.669511862547592,14.752103273523124,0.5555555555555556,0.992000017679719,1.0949999999999904,V10
deform_0276,staggered_levels:9:0.380:0,27,-0.2744867654744172,-0.2541583992069383,-13.804452984055056,10.214512762093934,0.5925925925925926,0.8678034631338001,1.1944444444444424,V10
deform_0276,staggered_levels:9:0.380:1,27,-0.5659202950459599,-0.2462923279696987,-7.932137704457919,13.475527955150223,0.7407407407407407,1.2297297000764784,1.1127777777777847,V10
deform_0276,visible_equator,27,-0.940336051148899,0.322732243953617,-12.35697300561972,17.301793132120242,0.6296296296296297,1.118253282916679,1.289444444444443,V10
deform_0893,staggered_levels:9:0.380:0,27,-0.0670953873100252,0.4396199731752511,-12.926361682215084,11.100487084868996,0.5185185185185185,-0.7547739697123144,-0.1822222222222169,V10
deform_1387,staggered_levels:9:0.380:0,27,0.1981032750960483,0.5172385443530115,-9.132439131523034,10.583338607192433,0.4444444444444444,-0.1876326730855691,-0.1022222222222257,V10
deform_0893,visible_equator,27,0.1349814857574647,0.6241749854171807,-6.307575044705678,12.742697614081562,0.4814814814814814,-0.542547357432711,-0.1744444444444437,V10
deform_0893,staggered_levels:9:0.380:1,27,0.6529323676389464,0.7542873617730225,-15.917005974520832,8.18118891512138,0.4074074074074074,-0.8434859930822978,-0.2483333333333282,V10
deform_0893,staggered_levels:9:0.380:2,27,0.4566134176677326,1.221661393610903,-7.222598167270792,8.293250880890843,0.3703703703703703,-0.12966209139211,-0.2805555555555505,V10
deform_0276,staggered_levels:9:0.380:2,27,-0.2954965450128722,1.523965504125074,-7.566437185417471,13.283713296389989,0.5925925925925926,0.8982465641349018,1.1388888888888893,V10
